insert into email (email) values ('vmccraine0@tuttocitta.it');
insert into email (email) values ('kcallendar1@foxnews.com');
insert into email (email) values ('sjaan2@ovh.net');
insert into email (email) values ('mgally3@nydailynews.com');
insert into email (email) values ('jweathers4@businessinsider.com');
insert into email (email) values ('kperrelle5@amazon.co.uk');
insert into email (email) values ('echatainier6@rakuten.co.jp');
insert into email (email) values ('hrailton7@histats.com');
insert into email (email) values ('gpettyfer8@over-blog.com');
insert into email (email) values ('mgreet9@newyorker.com');
insert into email (email) values ('alyncha@homestead.com');
insert into email (email) values ('sfinlaysonb@is.gd');
insert into email (email) values ('mstancliffec@vinaora.com');
insert into email (email) values ('ndarted@upenn.edu');
insert into email (email) values ('esimoncinie@salon.com');
insert into email (email) values ('edearlf@archive.org');
insert into email (email) values ('edandisong@cnn.com');
insert into email (email) values ('kbaffordh@businessweek.com');
insert into email (email) values ('pcurraoi@taobao.com');
insert into email (email) values ('ccuddehayj@ehow.com');
insert into email (email) values ('srumbellowk@behance.net');
insert into email (email) values ('rsarahl@drupal.org');
insert into email (email) values ('sstanhopem@sakura.ne.jp');
insert into email (email) values ('eorkneyn@instagram.com');
insert into email (email) values ('wstevenso@friendfeed.com');
insert into email (email) values ('zdugmorep@naver.com');
insert into email (email) values ('ggullaneq@mapquest.com');
insert into email (email) values ('rmasdinr@vimeo.com');
insert into email (email) values ('edunthornes@hugedomains.com');
insert into email (email) values ('lcolbournt@cafepress.com');
insert into email (email) values ('bpiddicku@vimeo.com');
insert into email (email) values ('pmeekinsv@canalblog.com');
insert into email (email) values ('pfranschiniw@businesswire.com');
insert into email (email) values ('jfalloonx@nytimes.com');
insert into email (email) values ('crushtony@archive.org');
insert into email (email) values ('bmcnairz@xrea.com');
insert into email (email) values ('rjiggens10@rambler.ru');
insert into email (email) values ('lrenne11@histats.com');
insert into email (email) values ('ksnedker12@upenn.edu');
insert into email (email) values ('tshrimplin13@amazon.co.uk');
insert into email (email) values ('ctofano14@deliciousdays.com');
insert into email (email) values ('cteese15@drupal.org');
insert into email (email) values ('glushey16@cdc.gov');
insert into email (email) values ('kcastellani17@google.com.au');
insert into email (email) values ('smilbourne18@fastcompany.com');
insert into email (email) values ('lbear19@nasa.gov');
insert into email (email) values ('gtebboth1a@arstechnica.com');
insert into email (email) values ('aclew1b@comcast.net');
insert into email (email) values ('ekleynen1c@hc360.com');
insert into email (email) values ('dimpett1d@vimeo.com');
insert into email (email) values ('ehaseley1e@amazon.co.jp');
insert into email (email) values ('rcarman1f@earthlink.net');
insert into email (email) values ('jhazel1g@squarespace.com');
insert into email (email) values ('castupenas1h@weather.com');
insert into email (email) values ('kwatkiss1i@yahoo.co.jp');
insert into email (email) values ('sbazek1j@aboutads.info');
insert into email (email) values ('bstaubyn1k@cpanel.net');
insert into email (email) values ('scockerton1l@sitemeter.com');
insert into email (email) values ('csterricks1m@ow.ly');
insert into email (email) values ('icaves1n@wsj.com');
insert into email (email) values ('kbenedito1o@youtu.be');
insert into email (email) values ('gbaynes1p@uiuc.edu');
insert into email (email) values ('ekeirle1q@chicagotribune.com');
insert into email (email) values ('fcoomer1r@pcworld.com');
insert into email (email) values ('bamiss1s@yellowbook.com');
insert into email (email) values ('speggram1t@bravesites.com');
insert into email (email) values ('bgotthardsf1u@themeforest.net');
insert into email (email) values ('cheibel1v@ovh.net');
insert into email (email) values ('fmacduff1w@umn.edu');
insert into email (email) values ('jkippins1x@zimbio.com');
insert into email (email) values ('rschimek1y@google.fr');
insert into email (email) values ('aivers1z@theatlantic.com');
insert into email (email) values ('farnaudi20@macromedia.com');
insert into email (email) values ('jrichfield21@msn.com');
insert into email (email) values ('lbownde22@github.io');
insert into email (email) values ('smacturlough23@unicef.org');
insert into email (email) values ('tarne24@php.net');
insert into email (email) values ('lsmolan25@icq.com');
insert into email (email) values ('mmacanelley26@ycombinator.com');
insert into email (email) values ('sgrigoli27@cafepress.com');
insert into email (email) values ('abrackstone28@usnews.com');
insert into email (email) values ('graisbeck29@oakley.com');
insert into email (email) values ('lbachmann2a@wufoo.com');
insert into email (email) values ('jkaser2b@blogtalkradio.com');
insert into email (email) values ('sstockhill2c@redcross.org');
insert into email (email) values ('mharris2d@hud.gov');
insert into email (email) values ('oelford2e@biglobe.ne.jp');
insert into email (email) values ('mrackham2f@woothemes.com');
insert into email (email) values ('mstanners2g@hibu.com');
insert into email (email) values ('aavramovich2h@tamu.edu');
insert into email (email) values ('araigatt2i@ucoz.ru');
insert into email (email) values ('aandersen2j@bandcamp.com');
insert into email (email) values ('mquigg2k@craigslist.org');
insert into email (email) values ('dtomaszewski2l@wordpress.com');
insert into email (email) values ('hbillborough2m@army.mil');
insert into email (email) values ('larro2n@alexa.com');
insert into email (email) values ('sbumpass2o@lycos.com');
insert into email (email) values ('rcapstick2p@baidu.com');
insert into email (email) values ('hballe2q@google.com.au');
insert into email (email) values ('jruddin2r@marriott.com');


insert into instrument (type, price, brand) values ('piano', 200, 'Fender Musical');
insert into instrument (type, price, brand) values ('piano', 178, 'Gibson');
insert into instrument (type, price, brand) values ('piano', 139, 'Shure');
insert into instrument (type, price, brand) values ('piano', 215, 'Moore');
insert into instrument (type, price, brand) values ('piano', 116, 'Texas');
insert into instrument (type, price, brand) values ('guitar', 144, 'Fender Musical');
insert into instrument (type, price, brand) values ('guitar', 227, 'Gibson');
insert into instrument (type, price, brand) values ('guitar', 168, 'Shure');
insert into instrument (type, price, brand) values ('guitar', 114, 'Moore');
insert into instrument (type, price, brand) values ('guitar', 145, 'Texas');
insert into instrument (type, price, brand) values ('fiol', 207, 'Fender Musical');
insert into instrument (type, price, brand) values ('fiol', 222, 'Gibson');
insert into instrument (type, price, brand) values ('fiol', 236, 'Shure');
insert into instrument (type, price, brand) values ('fiol', 251, 'Moore');
insert into instrument (type, price, brand) values ('fiol', 222, 'Texas');
insert into instrument (type, price, brand) values ('violin', 138, 'Fender Musical');
insert into instrument (type, price, brand) values ('violin', 150, 'Gibson');
insert into instrument (type, price, brand) values ('violin', 128, 'Shure');
insert into instrument (type, price, brand) values ('violin', 235, 'Moore');
insert into instrument (type, price, brand) values ('violin', 202, 'Texas');
insert into instrument (type, price, brand) values ('harmonica', 206, 'Fender Musical');
insert into instrument (type, price, brand) values ('harmonica', 207, 'Gibson');
insert into instrument (type, price, brand) values ('harmonica', 179, 'Shure');
insert into instrument (type, price, brand) values ('harmonica', 122, 'Moore');
insert into instrument (type, price, brand) values ('harmonica', 236, 'Texas');
insert into instrument (type, price, brand) values ('trumpet', 268, 'Fender Musical');
insert into instrument (type, price, brand) values ('trumpet', 218, 'Gibson');
insert into instrument (type, price, brand) values ('trumpet', 180, 'Shure');
insert into instrument (type, price, brand) values ('trumpet', 252, 'Moore');
insert into instrument (type, price, brand) values ('trumpet', 275, 'Texas');

insert into person (personal_number, first_name, last_name, adress) values (18, 'Kane', 'Deely', '93 Fremont Trail');
insert into person (personal_number, first_name, last_name, adress) values (4, 'Bary', 'Bottell', '074 Judy Terrace');
insert into person (personal_number, first_name, last_name, adress) values (32, 'Sherman', 'Butterly', '8 Bayside Pass');
insert into person (personal_number, first_name, last_name, adress) values (49, 'Missie', 'Theurer', '877 Arizona Parkway');
insert into person (personal_number, first_name, last_name, adress) values (24, 'Caldwell', 'Januszewicz', '954 Kipling Park');
insert into person (personal_number, first_name, last_name, adress) values (50, 'Elwira', 'Guerri', '80 Armistice Terrace');
insert into person (personal_number, first_name, last_name, adress) values (22, 'Siana', 'Sherr', '633 Kennedy Lane');
insert into person (personal_number, first_name, last_name, adress) values (42, 'Catherine', 'Wykey', '89 Village Green Way');
insert into person (personal_number, first_name, last_name, adress) values (17, 'Corissa', 'Fend', '4 Acker Plaza');
insert into person (personal_number, first_name, last_name, adress) values (12, 'Cinderella', 'Denge', '11 Judy Way');
insert into person (personal_number, first_name, last_name, adress) values (11, 'Carlotta', 'Muslim', '6207 Farwell Parkway');
insert into person (personal_number, first_name, last_name, adress) values (8, 'Rod', 'Plaschke', '4946 Nova Court');
insert into person (personal_number, first_name, last_name, adress) values (2, 'Grady', 'Filkov', '74 Darwin Street');
insert into person (personal_number, first_name, last_name, adress) values (56, 'Ralf', 'Fishleigh', '405 Debs Avenue');
insert into person (personal_number, first_name, last_name, adress) values (3, 'Antin', 'Purkess', '2524 Sundown Point');
insert into person (personal_number, first_name, last_name, adress) values (55, 'Ofella', 'Longmire', '10 Shasta Way');
insert into person (personal_number, first_name, last_name, adress) values (15, 'Letitia', 'Figger', '49487 Everett Park');
insert into person (personal_number, first_name, last_name, adress) values (58, 'Cherilyn', 'Erskine', '07841 New Castle Parkway');
insert into person (personal_number, first_name, last_name, adress) values (5, 'Michelle', 'Penritt', '33 Vahlen Court');
insert into person (personal_number, first_name, last_name, adress) values (38, 'Edmund', 'Matt', '5207 Doe Crossing Avenue');
insert into person (personal_number, first_name, last_name, adress) values (44, 'Guido', 'Schuelcke', '6 Everett Point');
insert into person (personal_number, first_name, last_name, adress) values (53, 'Starla', 'Cretney', '50704 Shoshone Way');
insert into person (personal_number, first_name, last_name, adress) values (26, 'Daryn', 'Bonome', '2654 Merrick Crossing');
insert into person (personal_number, first_name, last_name, adress) values (27, 'Eloisa', 'McLevie', '3476 Crownhardt Park');
insert into person (personal_number, first_name, last_name, adress) values (59, 'Roderich', 'Meyrick', '5504 Service Point');
insert into person (personal_number, first_name, last_name, adress) values (36, 'Bert', 'Ussher', '8 Golf Alley');
insert into person (personal_number, first_name, last_name, adress) values (34, 'Xenia', 'Griffith', '9 Express Drive');
insert into person (personal_number, first_name, last_name, adress) values (43, 'Eddi', 'Rivitt', '20273 Waywood Road');
insert into person (personal_number, first_name, last_name, adress) values (54, 'Theobald', 'Elloy', '4 Lawn Hill');
insert into person (personal_number, first_name, last_name, adress) values (62, 'Jaimie', 'Malt', '13016 Schlimgen Way');
insert into person (personal_number, first_name, last_name, adress) values (28, 'Alexandr', 'Cornil', '4273 Shasta Trail');
insert into person (personal_number, first_name, last_name, adress) values (25, 'Jyoti', 'Toupe', '27 Westerfield Point');
insert into person (personal_number, first_name, last_name, adress) values (65, 'Betti', 'Palay', '3480 Carey Circle');
insert into person (personal_number, first_name, last_name, adress) values (1, 'Tessy', 'Bruce', '19 Birchwood Crossing');
insert into person (personal_number, first_name, last_name, adress) values (52, 'Marisa', 'Boshere', '9340 Oak Place');
insert into person (personal_number, first_name, last_name, adress) values (19, 'Neil', 'Alans', '0577 Kinsman Park');
insert into person (personal_number, first_name, last_name, adress) values (57, 'Bordie', 'Hannam', '367 Straubel Plaza');
insert into person (personal_number, first_name, last_name, adress) values (30, 'Bianca', 'Fallen', '83549 Gerald Circle');
insert into person (personal_number, first_name, last_name, adress) values (11, 'Prue', 'Vedyaev', '1 Chive Parkway');
insert into person (personal_number, first_name, last_name, adress) values (61, 'Cynde', 'Blazej', '1614 Springs Plaza');
insert into person (personal_number, first_name, last_name, adress) values (20, 'Carmela', 'Ranfield', '53042 Northport Alley');
insert into person (personal_number, first_name, last_name, adress) values (7, 'Erick', 'Gemlbett', '369 Orin Terrace');
insert into person (personal_number, first_name, last_name, adress) values (39, 'Liliane', 'Gregh', '20 Green Road');
insert into person (personal_number, first_name, last_name, adress) values (51, 'Halette', 'Timperley', '322 Boyd Center');
insert into person (personal_number, first_name, last_name, adress) values (63, 'Darrick', 'Lermouth', '0296 Heffernan Road');
insert into person (personal_number, first_name, last_name, adress) values (33, 'Sebastien', 'Hagwood', '8 Wayridge Junction');
insert into person (personal_number, first_name, last_name, adress) values (64, 'Megen', 'Clarricoates', '21591 Alpine Terrace');
insert into person (personal_number, first_name, last_name, adress) values (60, 'Marga', 'Skelbeck', '562 Northport Drive');
insert into person (personal_number, first_name, last_name, adress) values (9, 'Delmar', 'Southey', '72 Hayes Road');
insert into person (personal_number, first_name, last_name, adress) values (49, 'Garald', 'Wortley', '97 Morrow Trail');
insert into person (personal_number, first_name, last_name, adress) values (119, 'Fredra', 'Hartell', '5 Roth Drive');
insert into person (personal_number, first_name, last_name, adress) values (87, 'Chiquita', 'Mapstone', '55502 School Trail');
insert into person (personal_number, first_name, last_name, adress) values (83, 'Desiree', 'Mobberley', '8751 Dexter Drive');
insert into person (personal_number, first_name, last_name, adress) values (151, 'Alfie', 'Duggon', '9230 Park Meadow Place');
insert into person (personal_number, first_name, last_name, adress) values (114, 'Garland', 'Stiegars', '1011 Manufacturers Street');
insert into person (personal_number, first_name, last_name, adress) values (104, 'Jayne', 'Farrell', '4086 Oneill Park');
insert into person (personal_number, first_name, last_name, adress) values (152, 'Jolynn', 'Hefforde', '3387 Cascade Circle');
insert into person (personal_number, first_name, last_name, adress) values (153, 'Kirby', 'Prandoni', '2 4th Circle');
insert into person (personal_number, first_name, last_name, adress) values (154, 'Darcee', 'Labusch', '32 Waywood Avenue');
insert into person (personal_number, first_name, last_name, adress) values (156, 'Gennifer', 'Barnhill', '94825 Loftsgordon Street');
insert into person (personal_number, first_name, last_name, adress) values (81, 'Audre', 'Clive', '13 Bluejay Center');
insert into person (personal_number, first_name, last_name, adress) values (157, 'Edie', 'Swane', '7 Killdeer Park');
insert into person (personal_number, first_name, last_name, adress) values (73, 'Corrinne', 'Akid', '968 Truax Circle');
insert into person (personal_number, first_name, last_name, adress) values (128, 'Marinna', 'Battaille', '84 Oakridge Alley');
insert into person (personal_number, first_name, last_name, adress) values (136, 'Chloette', 'Flanigan', '00236 Fuller Court');
insert into person (personal_number, first_name, last_name, adress) values (159, 'Jayne', 'Delatour', '63839 Daystar Center');
insert into person (personal_number, first_name, last_name, adress) values (96, 'Tammie', 'Dubbin', '22184 Morning Street');
insert into person (personal_number, first_name, last_name, adress) values (129, 'Sarena', 'Giannoni', '2326 Mendota Way');
insert into person (personal_number, first_name, last_name, adress) values (124, 'Marleah', 'Demicoli', '48063 Cambridge Parkway');
insert into person (personal_number, first_name, last_name, adress) values (160, 'Tess', 'Belcher', '002 Artisan Drive');
insert into person (personal_number, first_name, last_name, adress) values (149, 'Leanora', 'Aiskrigg', '48776 Meadow Valley Park');
insert into person (personal_number, first_name, last_name, adress) values (131, 'Phebe', 'Stockney', '4713 Butterfield Park');
insert into person (personal_number, first_name, last_name, adress) values (71, 'Christiane', 'Renyard', '93418 Park Meadow Point');
insert into person (personal_number, first_name, last_name, adress) values (135, 'Marja', 'Slides', '0 Florence Circle');
insert into person (personal_number, first_name, last_name, adress) values (145, 'Simona', 'Challenger', '5 Maple Wood Place');
insert into person (personal_number, first_name, last_name, adress) values (83, 'Ranice', 'Breffit', '6422 Sage Place');
insert into person (personal_number, first_name, last_name, adress) values (134, 'Livvy', 'Uren', '9706 Rowland Lane');
insert into person (personal_number, first_name, last_name, adress) values (85, 'Aimee', 'McGeechan', '626 Oxford Crossing');
insert into person (personal_number, first_name, last_name, adress) values (161, 'Jada', 'Rudkin', '936 Colorado Street');
insert into person (personal_number, first_name, last_name, adress) values (109, 'Quinn', 'Woolvin', '733 Di Loreto Hill');
insert into person (personal_number, first_name, last_name, adress) values (127, 'Audra', 'Archell', '65460 Rusk Drive');
insert into person (personal_number, first_name, last_name, adress) values (97, 'Jacquelynn', 'Goudy', '6 Larry Park');
insert into person (personal_number, first_name, last_name, adress) values (93, 'Magdalene', 'Hagan', '50 Spaight Circle');
insert into person (personal_number, first_name, last_name, adress) values (122, 'Angelita', 'Cawdron', '976 Southridge Trail');
insert into person (personal_number, first_name, last_name, adress) values (118, 'Crin', 'Butteris', '02288 Lunder Court');
insert into person (personal_number, first_name, last_name, adress) values (123, 'Theadora', 'O''Farris', '8 Scofield Way');
insert into person (personal_number, first_name, last_name, adress) values (162, 'Lexi', 'Marklin', '9302 Meadow Vale Lane');
insert into person (personal_number, first_name, last_name, adress) values (115, 'Sonja', 'Mulrean', '11435 Burning Wood Parkway');
insert into person (personal_number, first_name, last_name, adress) values (75, 'Avril', 'Petrushka', '81 Sauthoff Avenue');
insert into person (personal_number, first_name, last_name, adress) values (101, 'Krystyna', 'Gebhardt', '32378 Walton Junction');
insert into person (personal_number, first_name, last_name, adress) values (163, 'Antoinette', 'Whapples', '3380 Mcbride Way');
insert into person (personal_number, first_name, last_name, adress) values (137, 'Elianora', 'Gracewood', '90 Aberg Court');
insert into person (personal_number, first_name, last_name, adress) values (116, 'Kassey', 'Moscon', '361 Ruskin Pass');
insert into person (personal_number, first_name, last_name, adress) values (78, 'Albina', 'MacKimmie', '5 Emmet Hill');
insert into person (personal_number, first_name, last_name, adress) values (108, 'Lynea', 'Dundridge', '6990 Loftsgordon Alley');
insert into person (personal_number, first_name, last_name, adress) values (88, 'Mandy', 'Pidon', '2 Colorado Plaza');
insert into person (personal_number, first_name, last_name, adress) values (113, 'Christan', 'Laffranconi', '27189 Farmco Drive');
insert into person (personal_number, first_name, last_name, adress) values (144, 'Tedra', 'McClunaghan', '26 Huxley Road');
insert into person (personal_number, first_name, last_name, adress) values (126, 'Dennie', 'Duncklee', '9 Del Sol Point');
insert into person (personal_number, first_name, last_name, adress) values (140, 'Dionne', 'Willers', '419 Pepper Wood Road');

insert into person_email (person_id, email_id) values (1, 1);
insert into person_email (person_id, email_id) values (2, 2);
insert into person_email (person_id, email_id) values (3, 3);
insert into person_email (person_id, email_id) values (4, 4);
insert into person_email (person_id, email_id) values (5, 5);
insert into person_email (person_id, email_id) values (6, 6);
insert into person_email (person_id, email_id) values (7, 7);
insert into person_email (person_id, email_id) values (8, 8);
insert into person_email (person_id, email_id) values (9, 9);
insert into person_email (person_id, email_id) values (10, 10);
insert into person_email (person_id, email_id) values (11, 11);
insert into person_email (person_id, email_id) values (12, 12);
insert into person_email (person_id, email_id) values (13, 13);
insert into person_email (person_id, email_id) values (14, 14);
insert into person_email (person_id, email_id) values (15, 15);
insert into person_email (person_id, email_id) values (16, 16);
insert into person_email (person_id, email_id) values (17, 17);
insert into person_email (person_id, email_id) values (18, 18);
insert into person_email (person_id, email_id) values (19, 19);
insert into person_email (person_id, email_id) values (20, 20);
insert into person_email (person_id, email_id) values (21, 21);
insert into person_email (person_id, email_id) values (22, 22);
insert into person_email (person_id, email_id) values (23, 23);
insert into person_email (person_id, email_id) values (24, 24);
insert into person_email (person_id, email_id) values (25, 25);
insert into person_email (person_id, email_id) values (26, 26);
insert into person_email (person_id, email_id) values (27, 27);
insert into person_email (person_id, email_id) values (28, 28);
insert into person_email (person_id, email_id) values (29, 29);
insert into person_email (person_id, email_id) values (30, 30);
insert into person_email (person_id, email_id) values (31, 31);
insert into person_email (person_id, email_id) values (32, 32);
insert into person_email (person_id, email_id) values (33, 33);
insert into person_email (person_id, email_id) values (34, 34);
insert into person_email (person_id, email_id) values (35, 35);
insert into person_email (person_id, email_id) values (36, 36);
insert into person_email (person_id, email_id) values (37, 37);
insert into person_email (person_id, email_id) values (38, 38);
insert into person_email (person_id, email_id) values (39, 39);
insert into person_email (person_id, email_id) values (40, 40);
insert into person_email (person_id, email_id) values (41, 41);
insert into person_email (person_id, email_id) values (42, 42);
insert into person_email (person_id, email_id) values (43, 43);
insert into person_email (person_id, email_id) values (44, 44);
insert into person_email (person_id, email_id) values (45, 45);
insert into person_email (person_id, email_id) values (46, 46);
insert into person_email (person_id, email_id) values (47, 47);
insert into person_email (person_id, email_id) values (48, 48);
insert into person_email (person_id, email_id) values (49, 49);
insert into person_email (person_id, email_id) values (50, 50);
insert into person_email (person_id, email_id) values (51, 51);
insert into person_email (person_id, email_id) values (52, 52);
insert into person_email (person_id, email_id) values (53, 53);
insert into person_email (person_id, email_id) values (54, 54);
insert into person_email (person_id, email_id) values (55, 55);
insert into person_email (person_id, email_id) values (56, 56);
insert into person_email (person_id, email_id) values (57, 57);
insert into person_email (person_id, email_id) values (58, 58);
insert into person_email (person_id, email_id) values (59, 59);
insert into person_email (person_id, email_id) values (60, 60);
insert into person_email (person_id, email_id) values (61, 61);
insert into person_email (person_id, email_id) values (62, 62);
insert into person_email (person_id, email_id) values (63, 63);
insert into person_email (person_id, email_id) values (64, 64);
insert into person_email (person_id, email_id) values (65, 65);
insert into person_email (person_id, email_id) values (66, 66);
insert into person_email (person_id, email_id) values (67, 67);
insert into person_email (person_id, email_id) values (68, 68);
insert into person_email (person_id, email_id) values (69, 69);
insert into person_email (person_id, email_id) values (70, 70);
insert into person_email (person_id, email_id) values (71, 71);
insert into person_email (person_id, email_id) values (72, 72);
insert into person_email (person_id, email_id) values (73, 73);
insert into person_email (person_id, email_id) values (74, 74);
insert into person_email (person_id, email_id) values (75, 75);
insert into person_email (person_id, email_id) values (76, 76);
insert into person_email (person_id, email_id) values (77, 77);
insert into person_email (person_id, email_id) values (78, 78);
insert into person_email (person_id, email_id) values (79, 79);
insert into person_email (person_id, email_id) values (80, 80);
insert into person_email (person_id, email_id) values (81, 81);
insert into person_email (person_id, email_id) values (82, 82);
insert into person_email (person_id, email_id) values (83, 83);
insert into person_email (person_id, email_id) values (84, 84);
insert into person_email (person_id, email_id) values (85, 85);
insert into person_email (person_id, email_id) values (86, 86);
insert into person_email (person_id, email_id) values (87, 87);
insert into person_email (person_id, email_id) values (88, 88);
insert into person_email (person_id, email_id) values (89, 89);
insert into person_email (person_id, email_id) values (90, 90);
insert into person_email (person_id, email_id) values (91, 91);
insert into person_email (person_id, email_id) values (92, 92);
insert into person_email (person_id, email_id) values (93, 93);
insert into person_email (person_id, email_id) values (94, 94);
insert into person_email (person_id, email_id) values (95, 95);
insert into person_email (person_id, email_id) values (96, 96);
insert into person_email (person_id, email_id) values (97, 97);
insert into person_email (person_id, email_id) values (98, 98);
insert into person_email (person_id, email_id) values (99, 99);
insert into person_email (person_id, email_id) values (100, 100);


insert into student (person_id, skill_level) values (1, 'beginner');
insert into student (person_id, skill_level) values (2, 'beginner');
insert into student (person_id, skill_level) values (3, 'beginner');
insert into student (person_id, skill_level) values (4, 'beginner');
insert into student (person_id, skill_level) values (5, 'beginner');
insert into student (person_id, skill_level) values (6, 'beginner');
insert into student (person_id, skill_level) values (7, 'beginner');
insert into student (person_id, skill_level) values (8, 'intermediate');
insert into student (person_id, skill_level) values (9, 'intermediate');
insert into student (person_id, skill_level) values (10, 'intermediate');
insert into student (person_id, skill_level) values (11, 'intermediate');
insert into student (person_id, skill_level) values (12, 'intermediate');
insert into student (person_id, skill_level) values (13, 'intermediate');
insert into student (person_id, skill_level) values (14, 'intermediate');
insert into student (person_id, skill_level) values (15, 'intermediate');
insert into student (person_id, skill_level) values (16, 'intermediate');
insert into student (person_id, skill_level) values (17, 'advanced');
insert into student (person_id, skill_level) values (18, 'advanced');
insert into student (person_id, skill_level) values (19, 'advanced');
insert into student (person_id, skill_level) values (20, 'advanced');
insert into student (person_id, skill_level) values (21, 'advanced');
insert into student (person_id, skill_level) values (22, 'advanced');
insert into student (person_id, skill_level) values (23, 'advanced');
insert into student (person_id, skill_level) values (24, 'advanced');
insert into student (person_id, skill_level) values (25, 'advanced');

insert into instructor (person_id) values (48);
insert into instructor (person_id) values (41);
insert into instructor (person_id) values (49);
insert into instructor (person_id) values (44);
insert into instructor (person_id) values (40);
insert into instructor (person_id) values (36);
insert into instructor (person_id) values (26);
insert into instructor (person_id) values (37);
insert into instructor (person_id) values (38);
insert into instructor (person_id) values (31);
insert into instructor (person_id) values (27);
insert into instructor (person_id) values (39);
insert into instructor (person_id) values (50);
insert into instructor (person_id) values (43);
insert into instructor (person_id) values (29);
insert into instructor (person_id) values (28);
insert into instructor (person_id) values (32);
insert into instructor (person_id) values (47);
insert into instructor (person_id) values (45);
insert into instructor (person_id) values (30);
insert into instructor (person_id) values (33);
insert into instructor (person_id) values (34);
insert into instructor (person_id) values (46);
insert into instructor (person_id) values (35);
insert into instructor (person_id) values (42);

insert into instructor_instruments (instructor_id, instrument_id) values (1, 16);
insert into instructor_instruments (instructor_id, instrument_id) values (2, 15);
insert into instructor_instruments (instructor_id, instrument_id) values (3, 26);
insert into instructor_instruments (instructor_id, instrument_id) values (4, 5);
insert into instructor_instruments (instructor_id, instrument_id) values (5, 8);
insert into instructor_instruments (instructor_id, instrument_id) values (5, 13);
insert into instructor_instruments (instructor_id, instrument_id) values (6, 1);
insert into instructor_instruments (instructor_id, instrument_id) values (7, 30);
insert into instructor_instruments (instructor_id, instrument_id) values (8, 7);
insert into instructor_instruments (instructor_id, instrument_id) values (9, 3);
insert into instructor_instruments (instructor_id, instrument_id) values (10, 4);
insert into instructor_instruments (instructor_id, instrument_id) values (11, 6);
insert into instructor_instruments (instructor_id, instrument_id) values (12, 25);
insert into instructor_instruments (instructor_id, instrument_id) values (13, 10);
insert into instructor_instruments (instructor_id, instrument_id) values (14, 29);

insert into parent (person_id, student_id) values (66, 14);
insert into parent (person_id, student_id) values (52, 6);
insert into parent (person_id, student_id) values (53, 1);
insert into parent (person_id, student_id) values (57, 5);
insert into parent (person_id, student_id) values (55, 9);
insert into parent (person_id, student_id) values (60, 17);
insert into parent (person_id, student_id) values (59, 24);
insert into parent (person_id, student_id) values (65, 6);
insert into parent (person_id, student_id) values (69, 23);
insert into parent (person_id, student_id) values (61, 10);
insert into parent (person_id, student_id) values (74, 7);
insert into parent (person_id, student_id) values (68, 12);
insert into parent (person_id, student_id) values (70, 20);
insert into parent (person_id, student_id) values (64, 11);
insert into parent (person_id, student_id) values (56, 15);
insert into parent (person_id, student_id) values (51, 8);
insert into parent (person_id, student_id) values (58, 16);
insert into parent (person_id, student_id) values (63, 18);
insert into parent (person_id, student_id) values (75, 19);
insert into parent (person_id, student_id) values (54, 4);
insert into parent (person_id, student_id) values (72, 3);
insert into parent (person_id, student_id) values (67, 13);
insert into parent (person_id, student_id) values (73, 6);
insert into parent (person_id, student_id) values (71, 21);
insert into parent (person_id, student_id) values (62, 2);


insert into rent_instrument (student_id, instrument_id, start_date, end_date) values (1, 10, '2020-09-22 19:34:22', '2023-08-12 16:47:47');
insert into rent_instrument (student_id, instrument_id, start_date, end_date) values (19, 1, '2023-11-27 02:28:56', '2023-08-21 21:41:38');
insert into rent_instrument (student_id, instrument_id, start_date, end_date) values (4, 2, '2020-09-27 06:19:44', '2023-01-29 13:43:52');
insert into rent_instrument (student_id, instrument_id, start_date, end_date) values (2, 16, '2020-04-16 23:25:11', '2023-08-21 15:08:51');
insert into rent_instrument (student_id, instrument_id, start_date, end_date) values (9, 3, '2023-09-07 16:58:12', '2023-02-10 19:57:08');
insert into rent_instrument (student_id, instrument_id, start_date, end_date) values (10, 4, '2023-08-23 22:01:50', '2023-05-02 14:56:51');
insert into rent_instrument (student_id, instrument_id, start_date, end_date) values (5, 6, '2023-04-28 04:56:47', '2023-06-13 05:43:49');
insert into rent_instrument (student_id, instrument_id, start_date, end_date) values (17, 7, '2020-11-18 13:18:40', '2023-04-04 15:41:33');
insert into rent_instrument (student_id, instrument_id, start_date, end_date) values (7, 12, '2021-04-13 14:21:41', '2023-08-25 16:03:38');
insert into rent_instrument (student_id, instrument_id, start_date, end_date) values (6, 9, '2023-05-10 06:04:11', '2023-12-11 18:56:06');
insert into rent_instrument (student_id, instrument_id, start_date, end_date) values (8, 11, '2021-07-26 20:14:41', '2023-02-28 18:11:47');
insert into rent_instrument (student_id, instrument_id, start_date, end_date) values (22, 12, '2023-08-12 05:00:10', '2023-04-28 18:27:35');
insert into rent_instrument (student_id, instrument_id, start_date, end_date) values (24, 24, '2021-08-22 06:10:32', '2023-02-13 20:45:27');
insert into rent_instrument (student_id, instrument_id, start_date, end_date) values (11, 14, '2023-07-20 21:48:13', '2023-12-31 13:39:43');
insert into rent_instrument (student_id, instrument_id, start_date, end_date) values (21, 8, '2021-12-31 16:18:02', '2023-02-18 05:29:14');
insert into rent_instrument (student_id, instrument_id, start_date, end_date) values (12, 26, '2023-06-20 04:55:13', '2023-12-10 21:33:50');
insert into rent_instrument (student_id, instrument_id, start_date, end_date) values (14, 25, '2021-08-20 17:47:01', '2023-05-14 13:33:15');
insert into rent_instrument (student_id, instrument_id, start_date, end_date) values (20, 28, '2021-03-29 07:32:41', '2023-04-22 18:47:30');
insert into rent_instrument (student_id, instrument_id, start_date, end_date) values (18, 13, '2021-03-07 23:19:54', '2023-09-03 21:36:03');
insert into rent_instrument (student_id, instrument_id, start_date, end_date) values (15, 15, '2023-02-20 21:13:51', '2023-06-04 01:09:42');
insert into rent_instrument (student_id, instrument_id, start_date, end_date) values (23, 5, '2021-02-11 10:01:41', '2023-06-02 14:53:11');
insert into rent_instrument (student_id, instrument_id, start_date, end_date) values (3, 27, '2020-04-12 11:32:33', '2023-06-26 04:42:45');
insert into rent_instrument (student_id, instrument_id, start_date, end_date) values (13, 19, '2020-05-18 20:53:11', '2023-12-11 21:13:21');
insert into rent_instrument (student_id, instrument_id, start_date, end_date) values (25, 30, '2020-06-04 18:50:14', '2023-09-28 19:15:05');
insert into rent_instrument (student_id, instrument_id, start_date, end_date) values (16, 17, '2023-12-06 11:21:55', '2023-02-20 07:56:55');

insert into sibling (person_id, student_id) values (1, 20);
insert into sibling (person_id, student_id) values (2, 4);
insert into sibling (person_id, student_id) values (3, 1);
insert into sibling (person_id, student_id) values (4, 17);
insert into sibling (person_id, student_id) values (5, 8);
insert into sibling (person_id, student_id) values (6, 15);
insert into sibling (person_id, student_id) values (7, 2);
insert into sibling (person_id, student_id) values (8, 2);
insert into sibling (person_id, student_id) values (9, 12);
insert into sibling (person_id, student_id) values (1, 3);
insert into sibling (person_id, student_id) values (6, 14);
insert into sibling (person_id, student_id) values (6, 24);
insert into sibling (person_id, student_id) values (4, 14);
insert into sibling (person_id, student_id) values (10, 18);
insert into sibling (person_id, student_id) values (9, 17);

insert into ensemble_lesson (instructor_id, genre, min_students, max_students, date_time) values (1, 'classical', 4, 8, '2023-02-07 14:55:18');
insert into ensemble_lesson (instructor_id, genre, min_students, max_students, date_time) values (2, 'classical', 3, 6, '2023-02-08 07:13:16');
insert into ensemble_lesson (instructor_id, genre, min_students, max_students, date_time) values (6, 'rock', 2, 5, '2023-02-08 21:19:58');
insert into ensemble_lesson (instructor_id, genre, min_students, max_students, date_time) values (1, 'rock', 2, 6, '2023-02-13 22:23:10');
insert into ensemble_lesson (instructor_id, genre, min_students, max_students, date_time) values (7, 'jazz', 1, 5, '2023-02-05 16:40:38');
insert into ensemble_lesson (instructor_id, genre, min_students, max_students, date_time) values (8, 'jazz', 2, 10, '2023-02-11 02:45:20');


insert into ensemble_students (ensemble_lesson_id, student_id) values (1, 23);
insert into ensemble_students (ensemble_lesson_id, student_id) values (1, 17);
insert into ensemble_students (ensemble_lesson_id, student_id) values (1, 13);
insert into ensemble_students (ensemble_lesson_id, student_id) values (1, 9);
insert into ensemble_students (ensemble_lesson_id, student_id) values (1, 5);
insert into ensemble_students (ensemble_lesson_id, student_id) values (1, 4);
insert into ensemble_students (ensemble_lesson_id, student_id) values (2, 12);
insert into ensemble_students (ensemble_lesson_id, student_id) values (2, 1);
insert into ensemble_students (ensemble_lesson_id, student_id) values (2, 3);
insert into ensemble_students (ensemble_lesson_id, student_id) values (2, 10);
insert into ensemble_students (ensemble_lesson_id, student_id) values (3, 25);
insert into ensemble_students (ensemble_lesson_id, student_id) values (3, 2);
insert into ensemble_students (ensemble_lesson_id, student_id) values (4, 5);
insert into ensemble_students (ensemble_lesson_id, student_id) values (4, 6);
insert into ensemble_students (ensemble_lesson_id, student_id) values (4, 7);
insert into ensemble_students (ensemble_lesson_id, student_id) values (5, 15);
insert into ensemble_students (ensemble_lesson_id, student_id) values (5, 3);
insert into ensemble_students (ensemble_lesson_id, student_id) values (6, 1);
insert into ensemble_students (ensemble_lesson_id, student_id) values (6, 2);
insert into ensemble_students (ensemble_lesson_id, student_id) values (6, 13);
insert into ensemble_students (ensemble_lesson_id, student_id) values (6, 7);
insert into ensemble_students (ensemble_lesson_id, student_id) values (6, 8);
insert into ensemble_students (ensemble_lesson_id, student_id) values (6, 21);
insert into ensemble_students (ensemble_lesson_id, student_id) values (6, 10);
insert into ensemble_students (ensemble_lesson_id, student_id) values (6, 10);
insert into ensemble_students (ensemble_lesson_id, student_id) values (6, 8);
insert into ensemble_students (ensemble_lesson_id, student_id) values (6, 24);

insert into group_lesson (instrument_id, instructor_id, min_places, max_places, date_time, skill_level) values (1, 1, 2, 6, '2022-06-14 18:45:43', 'beginner');
insert into group_lesson (instrument_id, instructor_id, min_places, max_places, date_time, skill_level) values (7, 2, 2, 8, '2022-05-23 19:08:12', 'beginner');
insert into group_lesson (instrument_id, instructor_id, min_places, max_places, date_time, skill_level) values (3, 3, 1, 8, '2022-11-23 14:33:20', 'beginner');
insert into group_lesson (instrument_id, instructor_id, min_places, max_places, date_time, skill_level) values (21, 4, 2, 4, '2022-01-08 01:23:28', 'intermediate');
insert into group_lesson (instrument_id, instructor_id, min_places, max_places, date_time, skill_level) values (13, 5, 2, 4, '2022-03-22 00:50:20', 'intermediate');
insert into group_lesson (instrument_id, instructor_id, min_places, max_places, date_time, skill_level) values (5, 6, 2, 4, '2022-08-25 00:46:14', 'intermediate');
insert into group_lesson (instrument_id, instructor_id, min_places, max_places, date_time, skill_level) values (24, 1, 3, 5, '2022-09-08 04:22:06', 'advanced');
insert into group_lesson (instrument_id, instructor_id, min_places, max_places, date_time, skill_level) values (22, 2, 3, 5, '2022-10-16 18:16:36', 'advanced');
insert into group_lesson (instrument_id, instructor_id, min_places, max_places, date_time, skill_level) values (22, 3, 3, 5, '2022-10-16 18:16:36', 'advanced');

insert into group_students (group_lesson_id, student_id) values (1, 1);
insert into group_students (group_lesson_id, student_id) values (1, 2);
insert into group_students (group_lesson_id, student_id) values (1, 3);
insert into group_students (group_lesson_id, student_id) values (1, 4);
insert into group_students (group_lesson_id, student_id) values (1, 5);
insert into group_students (group_lesson_id, student_id) values (1, 6);
insert into group_students (group_lesson_id, student_id) values (2, 7);
insert into group_students (group_lesson_id, student_id) values (2, 8);
insert into group_students (group_lesson_id, student_id) values (2, 9);
insert into group_students (group_lesson_id, student_id) values (2, 10);
insert into group_students (group_lesson_id, student_id) values (2, 11);
insert into group_students (group_lesson_id, student_id) values (2, 12);
insert into group_students (group_lesson_id, student_id) values (2, 13);
insert into group_students (group_lesson_id, student_id) values (2, 14);
insert into group_students (group_lesson_id, student_id) values (3, 15);
insert into group_students (group_lesson_id, student_id) values (3, 16);
insert into group_students (group_lesson_id, student_id) values (3, 17);
insert into group_students (group_lesson_id, student_id) values (3, 18);
insert into group_students (group_lesson_id, student_id) values (3, 19);
insert into group_students (group_lesson_id, student_id) values (3, 20);
insert into group_students (group_lesson_id, student_id) values (4, 20);
insert into group_students (group_lesson_id, student_id) values (4, 21);
insert into group_students (group_lesson_id, student_id) values (5, 22);
insert into group_students (group_lesson_id, student_id) values (5, 23);
insert into group_students (group_lesson_id, student_id) values (6, 24);
insert into group_students (group_lesson_id, student_id) values (6, 25);
insert into group_students (group_lesson_id, student_id) values (7, 25);
insert into group_students (group_lesson_id, student_id) values (7, 1);
insert into group_students (group_lesson_id, student_id) values (7, 2);
insert into group_students (group_lesson_id, student_id) values (8, 3);
insert into group_students (group_lesson_id, student_id) values (8, 4);
insert into group_students (group_lesson_id, student_id) values (8, 20);
insert into group_students (group_lesson_id, student_id) values (9, 21);
insert into group_students (group_lesson_id, student_id) values (9, 19);
insert into group_students (group_lesson_id, student_id) values (9, 18);

insert into individual_lesson (instructor_id, student_id, instrument_id, price, date_time, skill_level) values (1, 1, 1, 258, '2023-12-23 14:15:41', 'beginner');
insert into individual_lesson (instructor_id, student_id, instrument_id, price, date_time, skill_level) values (2, 2, 2, 289, '2023-06-21 03:12:09', 'beginner');
insert into individual_lesson (instructor_id, student_id, instrument_id, price, date_time, skill_level) values (3, 3, 3, 255, '2023-05-19 15:49:03', 'beginner');
insert into individual_lesson (instructor_id, student_id, instrument_id, price, date_time, skill_level) values (4, 4, 4, 257, '2023-09-01 12:20:47', 'beginner');
insert into individual_lesson (instructor_id, student_id, instrument_id, price, date_time, skill_level) values (5, 5, 5, 237, '2023-12-24 23:13:10', 'beginner');
insert into individual_lesson (instructor_id, student_id, instrument_id, price, date_time, skill_level) values (6, 6, 6, 247, '2023-10-05 07:39:20', 'beginner');
insert into individual_lesson (instructor_id, student_id, instrument_id, price, date_time, skill_level) values (7, 7, 7, 214, '2023-11-18 02:02:28', 'beginner');
insert into individual_lesson (instructor_id, student_id, instrument_id, price, date_time, skill_level) values (1, 8, 8, 227, '2023-08-19 04:37:38', ' intermediate');
insert into individual_lesson (instructor_id, student_id, instrument_id, price, date_time, skill_level) values (2, 9, 9, 229, '2023-04-08 16:37:10', 'intermediate');
insert into individual_lesson (instructor_id, student_id, instrument_id, price, date_time, skill_level) values (3, 10, 10, 254, '2023-11-17 19:18:12', 'intermediate');
insert into individual_lesson (instructor_id, student_id, instrument_id, price, date_time, skill_level) values (4, 11, 11, 257, '2023-11-02 10:16:10', 'intermediate');
insert into individual_lesson (instructor_id, student_id, instrument_id, price, date_time, skill_level) values (5, 12, 12, 240, '2023-02-12 00:14:38', 'intermediate');
insert into individual_lesson (instructor_id, student_id, instrument_id, price, date_time, skill_level) values (6, 13, 13, 273, '2023-03-30 19:57:31', 'advanced');
insert into individual_lesson (instructor_id, student_id, instrument_id, price, date_time, skill_level) values (7, 14, 14, 251, '2023-05-26 14:19:15', 'advanced');
insert into individual_lesson (instructor_id, student_id, instrument_id, price, date_time, skill_level) values (8, 15, 15, 259, '2023-11-24 07:11:00', 'advanced');
insert into individual_lesson (instructor_id, student_id, instrument_id, price, date_time, skill_level) values (9, 16, 16, 210, '2023-04-05 13:18:41', 'advanced');
insert into individual_lesson (instructor_id, student_id, instrument_id, price, date_time, skill_level) values (10, 17, 17, 259, '2023-10-22 17:50:41', 'advanced');
insert into individual_lesson (instructor_id, student_id, instrument_id, price, date_time, skill_level) values (11, 18, 18, 238, '2023-10-03 09:44:06', 'advanced');
insert into individual_lesson (instructor_id, student_id, instrument_id, price, date_time, skill_level) values (12, 19, 19, 253, '2023-11-09 12:14:59', 'intermediate');
insert into individual_lesson (instructor_id, student_id, instrument_id, price, date_time, skill_level) values (13, 20, 20, 297, '2023-12-22 21:19:44', 'intermediate');
